  [
      {
        "name": "Yamaha R15 V4",
        "brand": "Yamaha",
        "price": 191000,
        "seatHeightMm": 815,
        "type": "Sports",
        "imageUrl": "https://www.yamaha-motor-india.com/theme/v4/images/webp_images/r_series_all/r15v4/color/blue.webp",
        "dualABS": "Yes",
        "tireWidth": "100/80-17 (Front), 140/70-17 (Rear)",
        "engineCc": 155,
        "torqueProduced": "18.1 Nm @ 8000 rpm",
        "yearLaunched": 2021
      },
      {
        "name": "Honda CB500X",
        "brand": "Honda",
        "price": 489000,
        "seatHeightMm": 830,
        "type": "Adventure",
        "imageUrl": "https://imgd.aeplcdn.com/1280x720/n/cw/ec/140025/cb500x-2023-right-side-view.jpeg?isig=0",
        "dualABS": "Yes",
        "tireWidth": "110/80-19 (Front), 150/70-17 (Rear)",
        "engineCc": 471,
        "torqueProduced": "43 Nm @ 6500 rpm",
        "yearLaunched": 2020
      },
      {
        "name": "Royal Enfield Classic 350",
        "brand": "Royal Enfield",
        "price": 200000,
        "seatHeightMm": 800,
        "type": "Classic",
        "imageUrl": "https://www.royalenfield.com/content/dam/royal-enfield/motorcycles/new-classic-350/studio-shots/360/madras-red/01.png",
        "dualABS": "Yes",
        "tireWidth": "90/90-19 (Front), 120/80-18 (Rear)",
        "engineCc": 349,
        "torqueProduced": "27 Nm @ 4000 rpm",
        "yearLaunched": 2021
      },
      {
        "name": "KTM Duke 390",
        "brand": "KTM",
        "price": 275000,
        "seatHeightMm": 830,
        "type": "Naked",
        "imageUrl": "https://cdn.bajajauto.com/-/media/images/ktm/ktm-bikes/orp/390-duke-orange-booking/00.ashx",
        "dualABS": "Yes",
        "tireWidth": "110/70-17 (Front), 150/60-17 (Rear)",
        "engineCc": 373,
        "torqueProduced": "37 Nm @ 7000 rpm",
        "yearLaunched": 2021
      },
      {
        "name": "Suzuki Gixxer SF 250",
        "brand": "Suzuki",
        "price": 200000,
        "seatHeightMm": 800,
        "type": "Sports",
        "imageUrl": "https://imgd.aeplcdn.com/664x374/n/bw/models/colors/suzuki-select-model-metallic-matte-black-no-2-2023-1686037038276.png?q=80",
        "dualABS": "Yes",
        "tireWidth": "110/70-17 (Front), 150/60-17 (Rear)",
        "engineCc": 249,
        "torqueProduced": "22.2 Nm @ 7500 rpm",
        "yearLaunched": 2020
      },
      {
        "name": "Bajaj Pulsar NS200",
        "brand": "Bajaj",
        "price": 140000,
        "seatHeightMm": 805,
        "type": "Sports",
        "imageUrl": "https://imgd.aeplcdn.com/1056x594/n/bw/models/colors/bajaj-select-model-metallic-pearl-white-1709101657744.png?q=80",
        "dualABS": "Yes",
        "tireWidth": "100/80-17 (Front), 130/70-17 (Rear)",
        "engineCc": 199.5,
        "torqueProduced": "18.6 Nm @ 8000 rpm",
        "yearLaunched": 2019
      },
      {
        "name": "Harley Davidson Street 750",
        "brand": "Harley Davidson",
        "price": 540000,
        "seatHeightMm": 710,
        "type": "Cruiser",
        "imageUrl": "https://cloudfront-us-east-1.images.arcpublishing.com/octane/7QU7HEGGPBE6RM2FW2EYPOM5WA.jpg",
        "dualABS": "Yes",
        "tireWidth": "100/80-17 (Front), 150/70-15 (Rear)",
        "engineCc": 749,
        "torqueProduced": "59 Nm @ 3750 rpm",
        "yearLaunched": 2019
      },
      {
        "name": "BMW G 310 R",
        "brand": "BMW",
        "price": 250000,
        "seatHeightMm": 785,
        "type": "Naked",
        "imageUrl": "https://images.carandbike.com/bike-images/colors/bmw/g-310-r/bmw-g-310-r-white.png?v=1602165447",
        "dualABS": "Yes",
        "tireWidth": "110/70-17 (Front), 150/60-17 (Rear)",
        "engineCc": 313,
        "torqueProduced": "28 Nm @ 7500 rpm",
        "yearLaunched": 2022
      },
      {
        "name": "Honda CBR650R",
        "brand": "Honda",
        "price": 710000,
        "seatHeightMm": 810,
        "type": "Sports",
        "imageUrl": "https://frasermotorcycles.com.au/cdn/shop/products/CBR950R_0001_CBR650R_1_1200x_b385b228-2409-4425-b6d3-73cf185b80f3.jpg?v=1681885745",
        "dualABS": "Yes",
        "tireWidth": "120/70-17 (Front), 180/55-17 (Rear)",
        "engineCc": 649,
        "torqueProduced": "60.8 Nm @ 8500 rpm",
        "yearLaunched": 2019
      },
      {
        "name": "TVS Apache RR 310",
        "brand": "TVS",
        "price": 250000,
        "seatHeightMm": 810,
        "type": "Sports",
        "imageUrl": "https://imgd.aeplcdn.com/1056x594/n/j2hf6eb_1772319.jpg?q=80",
        "dualABS": "Yes",
        "tireWidth": "110/70-17 (Front), 150/60-17 (Rear)",
        "engineCc": 312,
        "torqueProduced": "27.3 Nm @ 7700 rpm",
        "yearLaunched": 2021
      }
    ]
    